"Title","Beschrijving","Vastgoed_Type","Vastgoed_Status","ID","Created Date","Updated Date","Owner","Llyda_Vastgoed Detail (Title)","prijs","AdresStraat","AdresPostcode","AdresPlaats","Type2","gps","LijstFoto"
"LLYDA IX - Waagmeers","<p>Nog aan te vullen door <span style=""background-color:#ffffff"">KELLY</span></p>","4dc13dd9-738b-46ab-9cee-a4a1c9c3f7f8","609b32bd-87df-4192-a8ca-1705ca1d3125","083c2ca7-361c-4667-866c-a4b0a52c1e1d",2018-11-16T12:33:27Z,2018-11-16T12:37:20Z,"50f02154-94d5-4c7c-8e73-8b2dba86bb90","/Llyda-Vastgoed/Detail/LLYDA-IX---Waagmeers",0,"Test",,,,,"image://v1/50f021_3c858d8d773b4756880156a31693419b~mv2.jpg/1122_960/voorgevel%20waagmeers.jpg"
"Residentie TARTINI",,"437b330f-2cec-44ec-bb87-c839570d871e","76d51fea-c941-4c83-b141-84bdc529d571","11105781-e606-43ba-9611-1873eb15e08d",2018-09-23T13:29:04Z,2018-09-25T14:57:27Z,,"/Llyda-Vastgoed/Detail/Residentie-TARTINI",0,"Hoek Romeinsesteenweg / Oude Lindestraat 30","1800","Vilvoorde (Koningslo)",,,"image://v1/e9a9d1_10cf98a8d9924d33bc8c29a535e146bc~mv2.jpg/625_318/Tartini01%5B1%5D.jpg"
"Residentie CORELLI",,"437b330f-2cec-44ec-bb87-c839570d871e","76d51fea-c941-4c83-b141-84bdc529d571","9d85ab58-31f8-4a88-8a3f-f2395fe28869",2018-09-23T13:28:08Z,2018-09-25T14:57:27Z,,"/Llyda-Vastgoed/Detail/Residentie-CORELLI",0,"Hoek Brusselsesteenweg / Dedonderstraat 2A","1860","Meise",,,"image://v1/e9a9d1_2c0b2c61a2884aec8cdbbb7d755dea42~mv2.jpg/625_318/Corelli01%5B1%5D.jpg"
"LLYDA II - 5 woningen",,"4dc13dd9-738b-46ab-9cee-a4a1c9c3f7f8","76d51fea-c941-4c83-b141-84bdc529d571","d540769f-8e4c-4078-912e-8fd47cb93a9f",2018-09-23T13:27:00Z,2018-09-25T14:57:28Z,,"/Llyda-Vastgoed/Detail/LLYDA-II---5-woningen",0,"Brouwerijhof","1785","Merchtem (Brussegem)",,,"image://v1/e9a9d1_e0a62651ece041a08bb47f8358e845d5~mv2.jpg/625_318/LlydaII01%5B1%5D.jpg"
"Residentie ZOLTAN KODALY",,"437b330f-2cec-44ec-bb87-c839570d871e","76d51fea-c941-4c83-b141-84bdc529d571","5d686a13-2cd7-4a82-8236-f6f9286db32e",2018-09-23T13:26:13Z,2018-09-25T14:57:27Z,,"/Llyda-Vastgoed/Detail/Residentie-ZOLTAN-KODALY",0,"Ringlaan 74","1745","Opwijk",,,"image://v1/e9a9d1_50c61d67456e4bb8ad62a0da7853e8f7~mv2.jpg/625_318/ZoltanKodaly01%5B1%5D.jpg"
"Residentie BOROWSKI",,"437b330f-2cec-44ec-bb87-c839570d871e","76d51fea-c941-4c83-b141-84bdc529d571","5a35cb56-e088-4b6e-81fe-4faf14f4baa2",2018-09-23T13:25:25Z,2018-09-25T14:57:27Z,,"/Llyda-Vastgoed/Detail/Residentie-BOROWSKI",0,"Wolvertemsesteenweg 15A","1785","Merchtem",,,"image://v1/e9a9d1_1a4d24a07003402880227dc948216f15~mv2.jpg/625_318/Borowski01%5B1%5D.jpg"
"Residentie LANDINO II",,"437b330f-2cec-44ec-bb87-c839570d871e","76d51fea-c941-4c83-b141-84bdc529d571","fe40962e-444c-4c30-b6b6-433a383c667e",2018-09-23T13:24:42Z,2018-09-25T14:57:28Z,,"/Llyda-Vastgoed/Detail/Residentie-LANDINO-II",0,"Oude Pastoriedreef 35/37/39","1745","Opwijk",,,"image://v1/e9a9d1_712e128435b5411cbe4e0b633604a748~mv2.jpg/625_318/LandinoII01%5B1%5D.jpg"
"Residentie LANDINO I",,"437b330f-2cec-44ec-bb87-c839570d871e","76d51fea-c941-4c83-b141-84bdc529d571","1c2effb2-d334-4d84-9626-6304a56a8cb5",2018-09-23T13:23:28Z,2018-09-25T14:57:27Z,,"/Llyda-Vastgoed/Detail/Residentie-LANDINO-I",0,"Oude Pastoriedreef 29/31/33","1745","Opwijk",,,"image://v1/e9a9d1_d09a82b4d61a4c429bf43d526596a94d~mv2.jpg/625_318/LandinoI01%5B1%5D.jpg"
"Residentie INDY",,"437b330f-2cec-44ec-bb87-c839570d871e","76d51fea-c941-4c83-b141-84bdc529d571","19e74dec-0a8a-422e-8f3a-104c2510b576",2018-09-23T13:22:58Z,2018-09-25T14:57:27Z,,"/Llyda-Vastgoed/Detail/Residentie-INDY",0,"Stationsstraat 137","1785","Merchtem",,,"image://v1/e9a9d1_c11d826efe104e5dad0f2a7a833246dd~mv2.jpg/625_318/Indy01%5B1%5D.jpg"
"Residentie LASSO",,"437b330f-2cec-44ec-bb87-c839570d871e","76d51fea-c941-4c83-b141-84bdc529d571","2efba68f-a910-49e4-9f68-a3cac6260269",2018-09-23T13:22:09Z,2018-09-25T14:57:27Z,,"/Llyda-Vastgoed/Detail/Residentie-LASSO",0,"Puursstraat 26-28","1785","Merchtem",,,"image://v1/e9a9d1_7bafe0cd476f4d7695df516e4fa5cc4b~mv2.jpg/625_318/Lasso01%5B1%5D.jpg"
"Residentie CIMAROSA",,"437b330f-2cec-44ec-bb87-c839570d871e","76d51fea-c941-4c83-b141-84bdc529d571","4990155b-62a4-411a-9a40-14f642f24afa",2018-09-23T13:21:33Z,2018-09-25T14:57:27Z,,"/Llyda-Vastgoed/Detail/Residentie-CIMAROSA",0,"Stationsstraat 78","1785","Merchtem",,,"image://v1/e9a9d1_4360ff1f9ceb4649b56ec427ca606a3f~mv2.jpg/625_318/Cimarosa01%5B1%5D.jpg"
"Residentie FRESCOBALDI",,"437b330f-2cec-44ec-bb87-c839570d871e","76d51fea-c941-4c83-b141-84bdc529d571","7dc301f8-00a9-495e-8a52-75e25947eabc",2018-09-23T13:20:30Z,2018-09-25T14:57:27Z,,"/Llyda-Vastgoed/Detail/Residentie-FRESCOBALDI",0,"Maurice Sacréstraat 30","1785","Merchtem",,,"image://v1/e9a9d1_116f4775e2624496bef6a42f736462fc~mv2.jpg/625_318/Frescobaldi01%5B1%5D.jpg"
"LLYDA I - 28 woningen",,"4dc13dd9-738b-46ab-9cee-a4a1c9c3f7f8","76d51fea-c941-4c83-b141-84bdc529d571","81d2bd96-f6a3-4ec5-beb4-4b09f429a298",2018-09-23T13:19:48Z,2018-09-25T14:57:27Z,,"/Llyda-Vastgoed/Detail/LLYDA-I---28-woningen",0,"Boesmeer","1785","Merchtem",,"50.957696, 4.225789","image://v1/e9a9d1_67c0a38a6cb6402a8273d7fd04436663~mv2.jpg/625_318/LlydaI01%5B1%5D.jpg"
"Residentie LEONCAVALLO",,"437b330f-2cec-44ec-bb87-c839570d871e","76d51fea-c941-4c83-b141-84bdc529d571","727498b4-c35f-4b1d-bec8-0a3a398e7370",2018-09-23T13:19:05Z,2018-09-25T14:57:27Z,,"/Llyda-Vastgoed/Detail/Residentie-LEONCAVALLO",0,"Stationsstraat 48","1785","Merchtem",,,"image://v1/e9a9d1_863388ff121e4bed8bed04e85caffa62~mv2.jpg/625_318/Leoncavallo01%5B1%5D.jpg"
"Residentie VON KARAJAN",,"437b330f-2cec-44ec-bb87-c839570d871e","76d51fea-c941-4c83-b141-84bdc529d571","0c6c24b2-2762-4104-b5cb-995e4442107b",2018-09-23T13:17:59Z,2018-09-25T14:57:27Z,,"/Llyda-Vastgoed/Detail/Residentie-VON-KARAJAN",0,"Hoek De Smet de Nayerlaan / Leopold I straat","1090","Jette",,,"image://v1/e9a9d1_3141629adcba4255870e7ae365fd7878~mv2.jpg/625_318/VonKarajan01%5B1%5D.jpg"
"Residentie BOCCHERINI",,"437b330f-2cec-44ec-bb87-c839570d871e","76d51fea-c941-4c83-b141-84bdc529d571","31f09ce3-6f34-49e3-b41b-e43408d8a56b",2018-09-23T13:16:13Z,2018-09-25T14:57:27Z,,"/Llyda-Vastgoed/Detail/Residentie-BOCCHERINI",0,"Stationsstraat 38-40","1785","Merchtem",,,"image://v1/e9a9d1_473c0382338345948fba485aed42bfc5~mv2.jpg/625_318/Boccherini01%5B1%5D.jpg"
"Residentie SCHUTZ/SATIE",,"437b330f-2cec-44ec-bb87-c839570d871e","76d51fea-c941-4c83-b141-84bdc529d571","7e8b775d-456d-434a-830a-5f9f84bb9e44",2018-09-23T13:15:15Z,2018-09-25T14:57:27Z,,"/Llyda-Vastgoed/Detail/Residentie-SCHUTZ%2FSATIE",0,"Koning Albertstraat 106-108","1785","Merchtem",,,"image://v1/e9a9d1_ab437dbb2e3640faac538c7dccc085a4~mv2.jpg/625_318/SchutzSatie01%5B1%5D.jpg"
"Residentie DONIZETTI",,"437b330f-2cec-44ec-bb87-c839570d871e","76d51fea-c941-4c83-b141-84bdc529d571","c1b92c60-de4b-436d-9863-7968858f4b3a",2018-09-23T13:13:27Z,2018-09-25T14:57:28Z,,"/Llyda-Vastgoed/Detail/Residentie-DONIZETTI",0,"Maurice Sacréstraat 32","1785","Merchtem",,,"image://v1/e9a9d1_cdad4d3e16b34afcafd91a7c7cff077c~mv2.jpg/625_318/Donizetti01%5B1%5D.jpg"
"Residentie VIVALDI",,"437b330f-2cec-44ec-bb87-c839570d871e","76d51fea-c941-4c83-b141-84bdc529d571","d6a12d56-b718-44b0-bebd-b775a6d26fa9",2018-09-23T13:12:37Z,2018-09-25T14:57:28Z,,"/Llyda-Vastgoed/Detail/Residentie-VIVALDI",0,"Kalkoven 66-68","1785","Merchtem",,,"image://v1/e9a9d1_2da3732dfce540a8bf42a754aa1f5fc8~mv2.jpg/625_318/Vivaldi01%5B1%5D.jpg"
"Residentie PUCCINI",,"437b330f-2cec-44ec-bb87-c839570d871e","76d51fea-c941-4c83-b141-84bdc529d571","9bd7eda3-17e7-4afd-af7a-f31541c4de55",2018-09-23T13:11:59Z,2018-09-25T14:57:27Z,,"/Llyda-Vastgoed/Detail/Residentie-PUCCINI",0,"Koning Albertstraat 78","1785","Merchtem",,,"image://v1/e9a9d1_27e9078d814f48378d621e4f2de721ef~mv2.jpg/625_318/Puccini01%5B1%5D.jpg"
"Residentie TOOTS THIELEMANS",,"437b330f-2cec-44ec-bb87-c839570d871e","76d51fea-c941-4c83-b141-84bdc529d571","50c1bb99-330c-40bb-bafe-1b924cd8b98d",2018-09-23T13:10:53Z,2018-09-25T14:57:27Z,,"/Llyda-Vastgoed/Detail/Residentie-TOOTS-THIELEMANS",0,"Stationsstraat 83A","1785","Merchtem",,,"image://v1/e9a9d1_d91d276ae6ac40ab875a369a79100a1b~mv2.jpg/625_318/TootsThielemans01%5B1%5D.jpg"
"Residentie HONEGGER",,"437b330f-2cec-44ec-bb87-c839570d871e","76d51fea-c941-4c83-b141-84bdc529d571","3d699466-77dd-41f8-9407-9d77c57ab5c5",2018-09-23T13:10:20Z,2018-09-25T14:57:27Z,,"/Llyda-Vastgoed/Detail/Residentie-HONEGGER",0,"Toussaintstraat 135","1090","Jette",,,"image://v1/e9a9d1_e67f6d4ddab642c89ecb08ef3437f8cd~mv2.jpg/625_318/Honegger01%5B1%5D.jpg"
"Residentie SCHÖNBERG",,"437b330f-2cec-44ec-bb87-c839570d871e","76d51fea-c941-4c83-b141-84bdc529d571","4d18ac04-5842-4c0c-a72c-ec9f6fc51abb",2018-09-23T13:09:11Z,2018-09-25T14:57:27Z,,"/Llyda-Vastgoed/Detail/Residentie-SCH%C3%96NBERG",0,"Beekveldstrat 1A/1B","9280","Lebbeke",,,"image://v1/e9a9d1_1ae9683d44504aef9625f4105f0ba7cf~mv2.jpg/625_318/Schonberg01%5B1%5D.jpg"
"Residentie BELLINI",,"437b330f-2cec-44ec-bb87-c839570d871e","76d51fea-c941-4c83-b141-84bdc529d571","a64d263b-d6ec-4cd2-b5dc-c373cdbadebb",2018-09-23T13:08:10Z,2018-09-25T14:57:27Z,,"/Llyda-Vastgoed/Detail/Residentie-BELLINI",0,"Wolvertemsesteenweg 66","1785","Merchtem",,,"image://v1/e9a9d1_102340953d7f42068c98386509acacb7~mv2.jpg/625_318/Bellini01%5B1%5D.jpg"
"Residentie SMETANA",,"437b330f-2cec-44ec-bb87-c839570d871e","76d51fea-c941-4c83-b141-84bdc529d571","0788d154-74b0-4ec8-bfda-1ca271272295",2018-09-23T13:07:30Z,2018-09-25T14:57:27Z,,"/Llyda-Vastgoed/Detail/Residentie-SMETANA",0,"Stationsstraat 103B","1785","Merchtem",,,"image://v1/e9a9d1_641c6933fd05464ebb283a9cacc535f5~mv2.jpg/625_318/Smetana01%5B1%5D.jpg"
"Residentie SIBELIUS",,"437b330f-2cec-44ec-bb87-c839570d871e","76d51fea-c941-4c83-b141-84bdc529d571","f2865073-153b-409f-8f3f-f2de772960f9",2018-09-23T13:06:32Z,2018-09-25T14:57:28Z,,"/Llyda-Vastgoed/Detail/Residentie-SIBELIUS",0,"Stationsstraat 103A","1785","Merchtem",,,"image://v1/e9a9d1_affe175e9c3e4323bf6d7e72cb239ada~mv2.jpg/625_318/Sibelius01%5B1%5D.jpg"
"Residentie MONTEVERDI/MASCAGNI/RESPIGHI/ROSSINI/PAGANINI",,"437b330f-2cec-44ec-bb87-c839570d871e","76d51fea-c941-4c83-b141-84bdc529d571","58bbb6b9-b02b-41ae-ae9c-e1069f9591f8",2018-09-23T13:05:30Z,2018-09-25T14:57:27Z,,"/Llyda-Vastgoed/Detail/Residentie-MONTEVERDI%2FMASCAGNI%2FRESPIGHI%2FROSSINI%2FPAGANINI",0,"Oudstrijdersstraat 62-64-66-68-70","1785","Merchtem",,,"image://v1/e9a9d1_cac3911ab2d94f00996cabb8f2c0ba2e~mv2.jpg/625_318/Monteverdi01%5B1%5D.jpg"
"Residentie VERDI",,"437b330f-2cec-44ec-bb87-c839570d871e","76d51fea-c941-4c83-b141-84bdc529d571","07e205b8-9257-4eeb-b376-204b77311f14",2018-09-23T13:04:26Z,2018-09-25T14:57:27Z,,"/Llyda-Vastgoed/Detail/Residentie-VERDI",0,"Leopold III straat 14","1785","Merchtem",,,"image://v1/e9a9d1_05b3927949dc43dba7318fa95ac65ac3~mv2.jpg/625_318/Verdi01%5B1%5D.jpg"
"Residentie GABRIELI",,"437b330f-2cec-44ec-bb87-c839570d871e","76d51fea-c941-4c83-b141-84bdc529d571","52e24d72-beec-456d-9e64-673aa981b13e",2018-09-23T13:02:54Z,2018-09-25T14:57:27Z,,"/Llyda-Vastgoed/Detail/Residentie-GABRIELI",0,"Bleukenweg 6 - Wolvertemsesteenweg 11","1785","Merchtem",,,"image://v1/e9a9d1_e28c65922d394128aede0928a0588641~mv2.jpg/625_318/Gabrieli01%5B1%5D.jpg"
"Residentie HANDEL",,"437b330f-2cec-44ec-bb87-c839570d871e","76d51fea-c941-4c83-b141-84bdc529d571","2a1aa62d-d670-4154-a654-a72a77cb4a66",2018-09-23T11:29:44Z,2018-09-25T14:57:27Z,,"/Llyda-Vastgoed/Detail/Residentie-HANDEL",0,"Ringlaan 217","1745","Opwijk",,,"image://v1/e9a9d1_6def3e90a0564fa4b00dc978ede8f83e~mv2.jpg/625_318/Handel01%5B1%5D.jpg"
"Residentie WAGNER",,"437b330f-2cec-44ec-bb87-c839570d871e","76d51fea-c941-4c83-b141-84bdc529d571","044a55cf-f0fb-40ef-bb0d-1c6125d29457",2018-09-23T11:29:01Z,2018-09-25T14:57:27Z,,"/Llyda-Vastgoed/Detail/Residentie-WAGNER",0,"Alfons Bursensstraat 7","1785","Merchtem",,,"image://v1/e9a9d1_23350e25e51f488491ff6ea8b4d06ef0~mv2.jpg/625_318/Wagner01%5B1%5D.jpg"
"Residentie KATCHATURIAN",,"437b330f-2cec-44ec-bb87-c839570d871e","76d51fea-c941-4c83-b141-84bdc529d571","9ef7a1c6-4787-49af-90c7-2fdbfee7dfbd",2018-09-23T11:28:27Z,2018-09-25T14:57:27Z,,"/Llyda-Vastgoed/Detail/Residentie-KATCHATURIAN",0,"Meutersweg 6","1785","Merchtem",,,"image://v1/e9a9d1_8bdda425b8c8423db21dcd7b3c38e14e~mv2.jpg/625_318/Katchaturian01%5B1%5D.jpg"
"Residentie WOLF",,"437b330f-2cec-44ec-bb87-c839570d871e","76d51fea-c941-4c83-b141-84bdc529d571","e0fa53e3-6358-4b56-8a7f-20d3bc589555",2018-09-23T11:27:31Z,2018-09-25T14:57:28Z,,"/Llyda-Vastgoed/Detail/Residentie-WOLF",0,"Koning Albertstraat 89","1785","Merchtem",,,"image://v1/e9a9d1_d68b1b59de5c4a34b2d42ca612d863e7~mv2.jpg/627_318/Wolf01%5B1%5D.jpg"
"Residentie RAVEL",,"437b330f-2cec-44ec-bb87-c839570d871e","76d51fea-c941-4c83-b141-84bdc529d571","9362f756-6d60-43e1-be16-7ca4940a3c7e",2018-09-23T11:26:45Z,2018-09-25T14:57:27Z,,"/Llyda-Vastgoed/Detail/Residentie-RAVEL",0,"Wolvertemsesteenweg 21","1785","Merchtem",,,"image://v1/e9a9d1_f6c3fe12473148799cb653e0433012f5~mv2.jpg/625_318/Ravel01%5B1%5D.jpg"
"Residentie LISZT",,"437b330f-2cec-44ec-bb87-c839570d871e","76d51fea-c941-4c83-b141-84bdc529d571","e614c21d-8dfc-443a-9a0b-89499f6af8c7",2018-09-23T11:25:17Z,2018-09-25T14:57:28Z,,"/Llyda-Vastgoed/Detail/Residentie-LISZT",0,"Nerviërsstraat 29","1730","Asse",,,"image://v1/e9a9d1_b6e8a96196214724ba591ad72fefb9cf~mv2.jpg/625_318/Liszt01%5B1%5D.jpg"
"Residentie ZIBLAT",,"437b330f-2cec-44ec-bb87-c839570d871e","76d51fea-c941-4c83-b141-84bdc529d571","f4595b97-2f26-44c6-995b-47706c2be1eb",2018-09-23T10:57:11Z,2018-09-25T14:57:28Z,,"/Llyda-Vastgoed/Detail/Residentie-ZIBLAT",0,"Nieuwe Gentse Steenweg 2a","1700","Dilbeek",,,"image://v1/e9a9d1_eea5db12969c48d19a953f384cae90ca~mv2.jpg/625_318/Ziblat01%5B1%5D.jpg"
"Residentie SCARLETTI",,"437b330f-2cec-44ec-bb87-c839570d871e","76d51fea-c941-4c83-b141-84bdc529d571","f2a1c816-2df1-41a5-8ba2-48a26a1b7b26",2018-09-23T10:55:49Z,2018-09-25T14:57:28Z,,"/Llyda-Vastgoed/Detail/Residentie-SCARLETTI",0,"Lodewijk Vander Zijpenstraat 67","1780","Wemmel",,,"image://v1/e9a9d1_aa002bb043f3416ab36ebc27f767a49c~mv2.jpg/625_318/Scarletti01%5B1%5D.jpg"
"Residentie TSJAIKOVSKI",,"437b330f-2cec-44ec-bb87-c839570d871e","76d51fea-c941-4c83-b141-84bdc529d571","efcfb381-d3b0-4e79-9089-9580ebfbc0e3",2018-09-23T10:54:53Z,2018-09-25T14:57:28Z,,"/Llyda-Vastgoed/Detail/Residentie-TSJAIKOVSKI",0,"J. Bogemansstraat 53","1780","Wemmel",,,"image://v1/e9a9d1_60d72f063a9e4b85b907be1dadb9ca38~mv2.jpg/625_318/Tsjaikovski01%5B1%5D.jpg"
"Residentie BIZET",,"437b330f-2cec-44ec-bb87-c839570d871e","76d51fea-c941-4c83-b141-84bdc529d571","6b4299d1-56f0-4910-92da-fbb0138d9631",2018-09-23T10:53:42Z,2018-09-25T14:57:27Z,,"/Llyda-Vastgoed/Detail/Residentie-BIZET",0,"Groendreefstraat 78","1082","Sint Agatha Berchem",,,"image://v1/e9a9d1_a611f85311a947b09a0213532e05eddd~mv2.jpg/625_318/Bizet01%5B1%5D.jpg"
"Residentie DE GEYTER",,"437b330f-2cec-44ec-bb87-c839570d871e","76d51fea-c941-4c83-b141-84bdc529d571","a8e40ea6-1533-4227-9d57-cf3308125ba5",2018-09-23T10:52:50Z,2018-09-25T14:57:27Z,,"/Llyda-Vastgoed/Detail/Residentie-DE-GEYTER",0,"Mieregemstraat 44","1785","Merchtem",,,"image://v1/e9a9d1_5d2a8c3445f045d2b83dbd81e781c2c2~mv2.jpg/625_318/DeGeyter01%5B1%5D.jpg"
"Residentie STOCKHAUSEN",,"437b330f-2cec-44ec-bb87-c839570d871e","76d51fea-c941-4c83-b141-84bdc529d571","03516957-5d09-4dce-8a2f-731074baa39e",2018-09-23T10:51:30Z,2018-09-25T14:57:27Z,,"/Llyda-Vastgoed/Detail/Residentie-STOCKHAUSEN",0,"Kerkplein 4 - Nieuwstraat 27","1730","Asse",,,"image://v1/e9a9d1_57ab6bfa005a4e3a9c068bfb4acecf3d~mv2.jpg/625_318/Stockhausen01%5B1%5D.jpg"
"Residentie LLYDA VI",,"4dc13dd9-738b-46ab-9cee-a4a1c9c3f7f8","76d51fea-c941-4c83-b141-84bdc529d571","459bd70e-0ff8-4873-8972-57547f427d1b",2018-09-23T10:50:30Z,2018-09-25T14:57:27Z,,"/Llyda-Vastgoed/Detail/Residentie-LLYDA-VI",0,"Kere 85-87-89-89a-89b","9950","Waarschoot",,,"image://v1/e9a9d1_f1266f64686f47c18f2dcd7b87fd3d52~mv2.jpg/625_318/llydaVI%5B1%5D.jpg"
"Residentie COPLAND",,"437b330f-2cec-44ec-bb87-c839570d871e","76d51fea-c941-4c83-b141-84bdc529d571","3effde40-3c5d-4961-86c7-577303d2b905",2018-09-23T10:47:43Z,2018-09-25T14:57:27Z,,"/Llyda-Vastgoed/Detail/Residentie-COPLAND",0,"Ternatsestraat 103-105","1790","Essene (Affligem)",,,"image://v1/e9a9d1_e92a1c90c1784d51aafe4bbbb8e1a8af~mv2.jpg/625_318/copland%5B1%5D.jpg"
"Residentie INES",,"437b330f-2cec-44ec-bb87-c839570d871e","76d51fea-c941-4c83-b141-84bdc529d571","257fa1b2-2d0e-4c9b-b8c2-808465c39ac5",2018-09-23T10:46:26Z,2018-09-25T14:57:27Z,,"/Llyda-Vastgoed/Detail/Residentie-INES",0,"Varkensmarkt 6","1785","Merchtem",,,"image://v1/e9a9d1_fea3408ef70f497883bdca6ef2e67060~mv2.jpg/625_318/ines%5B1%5D.jpg"
"Residentie LLYDA V",,"4dc13dd9-738b-46ab-9cee-a4a1c9c3f7f8","76d51fea-c941-4c83-b141-84bdc529d571","0c77ba2b-c36e-4da7-9b95-6ab37084c49c",2018-09-23T10:44:53Z,2018-09-25T14:57:27Z,,"/Llyda-Vastgoed/Detail/Residentie-LLYDA-V",0,"Ternatsestraat 25-25a-27","1790","Essene (Affligem)",,,"image://v1/e9a9d1_876427df1f0749ab9539e4543cad02f7~mv2.jpg/625_318/llydaV%5B1%5D.jpg"
"Residentie POLANSKI",,"437b330f-2cec-44ec-bb87-c839570d871e","76d51fea-c941-4c83-b141-84bdc529d571","db9f6791-afd3-4815-b16e-96bf9f1cf9e2",2018-09-23T10:43:42Z,2018-09-25T14:57:28Z,,"/Llyda-Vastgoed/Detail/Residentie-POLANSKI",0,"Gasthuisstraat 47","1785","Merchtem",,,"image://v1/e9a9d1_2835146ba593429bb77d31b92250921d~mv2.jpg/625_318/polanski%5B1%5D.jpg"
"Residentie GLINK",,"437b330f-2cec-44ec-bb87-c839570d871e","76d51fea-c941-4c83-b141-84bdc529d571","b5f2a8b9-24dc-48e6-9666-0976d83d779b",2018-09-23T10:42:38Z,2018-09-25T14:57:27Z,,"/Llyda-Vastgoed/Detail/Residentie-GLINK",0,"Stoofstraat 42-44","1785","Merchtem",,,"image://v1/e9a9d1_24c0d1664b6e40a2997cba2e8f84e155~mv2.jpg/625_318/glink%5B1%5D.jpg"
"Residentie BARTOK",,"437b330f-2cec-44ec-bb87-c839570d871e","76d51fea-c941-4c83-b141-84bdc529d571","8ae1bcdd-bcbc-4883-930b-9d094b71e40c",2018-09-23T10:40:54Z,2018-09-25T14:57:27Z,,"/Llyda-Vastgoed/Detail/Residentie-BARTOK",0," Sint-Jansstraat 104-110","1785","Merchtem",,,"image://v1/e9a9d1_971debf2a273453f86c4c15d69c796b6~mv2.jpg/625_318/bartok%5B1%5D.jpg"
"Residentie CALDARA","<p class=""p3"">Bouwplannen in opmaak</p>

<p><span class=""wixGuard"">​</span></p>","437b330f-2cec-44ec-bb87-c839570d871e","a18c6612-e1f9-413e-bad2-cec3d3cf94df","e3493daa-24c0-46c9-976a-b424e4408188",2018-09-20T13:25:28Z,2018-09-25T14:57:28Z,,"/Llyda-Vastgoed/Detail/Residentie-CALDARA",0,"Oudstrijdersstraat 4-6","1785","Merchtem","Nieuwbouwproject",,"image://v1/50f021_bff33c1df3294c7d814ffa6dc7f4f600~mv2.jpg/497_375/sponsoring06%5B1%5D.jpg"
"Test Sensei 24","<p class=""p3"">Uitleg tijdens <span style=""font-weight:bold;"">demo</span></p>

<p class=""p3""><span style=""font-weight:bold;""><span style=""color:#e61515;"">TEST</span></span></p>

<p class=""p3""><span style=""font-weight:bold;""><span style=""color:#e61515;""><span class=""wixGuard"">​</span></span></span></p>

<p class=""p3""><span style=""font-weight:bold;""><span style=""color:#e61515;""><span class=""wixGuard"">​</span></span></span></p>

<p class=""p3""><span style=""font-weight:bold;""><span style=""color:#e61515;""><span style=""text-decoration:underline;""><a href=""http://www.llyda.com/"">Heykes</a></span></span></span></p>","437b330f-2cec-44ec-bb87-c839570d871e","76d51fea-c941-4c83-b141-84bdc529d571","d695f14a-785e-4ec6-b80f-c57d139fab80",2018-09-20T12:00:55Z,2018-11-16T13:00:12Z,"e9a9d102-1095-453d-930e-6b1fe39afdfa","/Llyda-Vastgoed/Detail/Test-Sensei-24",,,"9070","Destelbergen","Nieuwbouwproject",,
"Residentie Accolay (DEMO ZoomIn en VR)","<p class=""p3"">Test van de virtuele maquette</p>","437b330f-2cec-44ec-bb87-c839570d871e","a18c6612-e1f9-413e-bad2-cec3d3cf94df","ca722b00-fca7-4b20-b70d-98b614f243dc",2018-09-18T12:19:20Z,2018-09-25T14:57:28Z,,"/Llyda-Vastgoed/Detail/Residentie-Accolay-(DEMO-ZoomIn-en-VR)",0,,"1785","Merchtem",,,"image://v1/50f021_fcb9ccf577a745d38403e614f76b9b8d~mv2.png/1141_921/Accolay.png"
"Projectgrond (Ressegem)","<p class=""p3"">BOUWVERGUNNING INBEGREPEN</p>","f5e040f2-edec-4642-a7a3-2043d5b10ae2","609b32bd-87df-4192-a8ca-1705ca1d3125","f818c958-3e8e-47f6-b37e-efcc0b6e397b",2018-09-16T08:02:57Z,2018-09-25T14:57:28Z,,"/Llyda-Vastgoed/Detail/Projectgrond-(Ressegem)",460000,"Op de hoek van Sint-Mauritsplein en Blauwstraat","9551","Ressegem",,,"image://v1/50f021_e6acd86b1e4c442d8a9be41938b5c2c5~mv2.jpg/350_200/inplanting%5B1%5D.jpg"
"Residentie Gabrielli I - Zolderruimte","<p class=""p3"">- Een Zolderruimte<br />
- Met alle mogelijke voorzieningen (keuken en badkamer)<br />
- Gelegen op de 4de verdieping<br />
- Lift aanwezig<br />
<br />
Zolder: 55 m2<br />
<br />
K-peil: niet van toepassing<br />
E-peil: niet van toepassing</p>","b9f2f2bf-a20f-4dc6-a30d-aa70860621f0","609b32bd-87df-4192-a8ca-1705ca1d3125","afc5a9fc-8bc8-4217-8381-d27676e72f84",2018-09-16T08:01:08Z,2018-09-25T14:57:27Z,,"/Llyda-Vastgoed/Detail/Residentie-Gabrielli-I---Zolderruimte",50000,"Bleukenweg 6","1785","Merchtem",,,"image://v1/50f021_de44c13386174d59ae226cfc3df52b1e~mv2.jpg/350_200/bleukenweg%5B1%5D.jpg"
"Residentie Wagner - Zolderruimte","<p class=""p3"">- Twee zolderruimtes<br />
- Gelegen op de 4de verdieping<br />
<br />
Zolder 1: 18 m2<br />
Zolder 2: 16 m2<br />
<br />
30.000 euro excl. BTW per zolder<br />
<br />
K-peil: niet van toepassing<br />
E-peil: niet van toepassing</p>","b9f2f2bf-a20f-4dc6-a30d-aa70860621f0","609b32bd-87df-4192-a8ca-1705ca1d3125","eae38fa4-20f1-4b87-af3d-c931bdb0aaa1",2018-09-16T07:59:04Z,2018-09-25T14:57:28Z,,"/Llyda-Vastgoed/Detail/Residentie-Wagner---Zolderruimte",30000,"Alfonds Bursensstraat 7","1785","Merchtem",,,"image://v1/50f021_6d4699606ac749aa95bbf3d9b6a66503~mv2.jpg/350_200/Voorgevel%5B1%5D.jpg"
"Residentie Ravel - Zolderruimte","<p class=""p3"">- Zolderruimte<br />
- Met alle mogelijke voorzieningen (keuken en badkamer)<br />
- Gelegen op de 4de verdieping<br />
<br />
Oppervlakte: 60 m2<br />
<br />
K-peil: niet van toepassing<br />
E-peil: niet van toepassing</p>","b9f2f2bf-a20f-4dc6-a30d-aa70860621f0","609b32bd-87df-4192-a8ca-1705ca1d3125","8ac5e53d-5930-444a-9c3e-2f2dc91058a9",2018-09-16T07:56:26Z,2018-09-25T14:57:27Z,,"/Llyda-Vastgoed/Detail/Residentie-Ravel---Zolderruimte",80000,"Wolvertemsesteenweg 21","1785","Merchtem",,,"image://v1/50f021_05b9b383301849bfa63c47460cb437a5~mv2.jpg/350_200/Voorgevel%5B1%5D.jpg"
"Residentie Borowski - Zolderruimte","<p class=""p3"">- Twee zolderruimtes<br />
- Met alle mogelijke voorzieningen (keuken en badkamer)<br />
- Gelegen op de 4de verdieping<br />
- Lift aanwezig<br />
<br />
Zolder 1: 60 m2<br />
Zolder 2: 40 m2<br />
<br />
62.000 euro excl. BTW per zolder<br />
<br />
K-peil: niet van toepassing<br />
E-peil: niet van toepassing</p>","b9f2f2bf-a20f-4dc6-a30d-aa70860621f0","609b32bd-87df-4192-a8ca-1705ca1d3125","28203d81-4fe0-43bd-abc5-ab65dd38b9ac",2018-09-16T07:54:39Z,2018-09-25T14:57:27Z,,"/Llyda-Vastgoed/Detail/Residentie-Borowski---Zolderruimte",62000,"Wolvertemsesteenweg 15A","1785","Merchtem",,,"image://v1/50f021_2ccf5f39944647dd970003e3a4862559~mv2.jpg/350_200/Voorgevel%5B1%5D.jpg"
"Residentie Gabrielli II - Zolderruimte","<p class=""p3"">- Inkomsas<br />
- Grote zolderruimte met open keuken en berging<br />
- twee extra individuele bureauruimtes<br />
- Badkamer<br />
- Gelegen op de 4de verdieping<br />
- Lift aanwezig<br />
<br />
Oppervlakte: 118 m2<br />
<br />
K-peil: niet van toepassing<br />
E-peil: niet van toepassing</p>","b9f2f2bf-a20f-4dc6-a30d-aa70860621f0","609b32bd-87df-4192-a8ca-1705ca1d3125","d10cff60-8841-4620-a17a-94f4b412b5e5",2018-09-16T07:49:13Z,2018-09-25T14:57:28Z,,"/Llyda-Vastgoed/Detail/Residentie-Gabrielli-II---Zolderruimte",150000,"Wolvertemsesteenweg 11","1785","Merchtem",,,"image://v1/50f021_3a51ae14644a4436bfccb20ebd8245fe~mv2.jpg/350_200/foto1%5B3%5D.jpg"
"Residentie COPLAND - Zolderruimtes","<p class=""p3"">- 2 bureelruimtes (te combineren tot 1 ruimte)<br />
- 2 aparte ingangen mogelijk<br />
- Volledig gescheiden indeling (elektrische en sanitaire voorzieningen)<br />
- Gelegen op de 3de verdieping<br />
- Mogelijkheid tot extra staanplaats<br />
<br />
Netto oppervlakte: 91m2</p>

<p class=""p3""><br />
K-peil: 34 (bureel 1) en 34 (bureel 2)<br />
E-peil: 70 (bureel 1) en 71 (bureel 2)</p>","b9f2f2bf-a20f-4dc6-a30d-aa70860621f0","609b32bd-87df-4192-a8ca-1705ca1d3125","d2cd6d5a-0066-4deb-acac-1b450c051d9f",2018-09-16T07:44:23Z,2018-09-25T14:57:28Z,,"/Llyda-Vastgoed/Detail/Residentie-COPLAND---Zolderruimtes",180000,"Ternatsestraat 103-105","1790","Essene (Affligem)",,,"image://v1/50f021_9e3bcde972dd45979ca4928d2a635ff9~mv2.jpg/350_200/Bureel1%5B1%5D.jpg"
"Residentie Toros Cekic - Gemeubeld appartement Turkije","<p class=""p3"">- Twee slaapkamers<br />
- Twee badkamers<br />
- Inkomhal + toilet<br />
- Living + open keuken<br />
- Balkon aan voor- en achterzijde<br />
- Lift aanwezig<br />
- Gemeenschappelijk: zwembad, fitness, turks bad, sauna, speeltuin, tennisveld e.a.<br />
- Appartement wordt bemeubeld verkocht<br />
- 24/24 veiligheidscontrole en eerste hulp<br />
<br />
Netto oppervlakte: 105m2 + balkon (14m2 + 15m2)<br />
<br />
www.tcr.com.tr<br />
<br />
Prijs op aanvraag: 0032 (0)475/75 17 65<br />
<br />
K-peil: niet van toepassing<br />
E-peil: niet van toepassing</p>","2a2a4c73-a2b6-4e33-9afd-39092e66bac4","609b32bd-87df-4192-a8ca-1705ca1d3125","4a2d1273-2927-43c6-a559-3f1bb2815589",2018-09-16T07:43:53Z,2018-09-25T14:57:27Z,,"/Llyda-Vastgoed/Detail/Residentie-Toros-Cekic---Gemeubeld-appartement-Turkije",0,"Residence VIII Paradise Hill Resort, Cumhuriyet, Toros Cekic 8, sit. A1 Blok nr 1",,"Turkije - Mahmutlar (Alanya)",,,"image://v1/50f021_9d5fa091a9bb45d0aed71144d924bb4a~mv2.jpg/350_200/foto1%5B1%5D.jpg"
"Residentie COPLAND - Staanplaats P10","<p class=""p3"">- P10: Niet-overdekte staanplaats (zie plan)<br />
14.045 euro excl. BTW<br />
<br />
E-peil/K-peil: niet van toepassing</p>","c2f332a5-e022-44eb-8f50-1655b5ada674","609b32bd-87df-4192-a8ca-1705ca1d3125","36052dd9-7b57-47c4-8bd0-7593c637439b",2018-09-16T07:38:23Z,2018-09-25T14:57:27Z,,"/Llyda-Vastgoed/Detail/Residentie-COPLAND---Staanplaats-P10",14045,"Ternatsestraat 103-105","1790","Essene (Affligem)",,,
"Residentie COPLAND - Atelier/Commerciële Ruimte","<p class=""p3"">Netto oppervlakte: 46m2 (niveau 0)+ 34m2 (niveau 1)<br />
<br />
Gelegen achter het hoofdgebouw (door de inrit rijden)<br />
<br />
Geschikt voor: Architect, kapsalon, nagelstudio, kunstatelier, advocaat, ...<br />
<br />
Mogelijkheid tot extra staanplaatsen<br />
<br />
K-peil: 34<br />
E-peil: niet van toepassing</p>","2a2a4c73-a2b6-4e33-9afd-39092e66bac4","609b32bd-87df-4192-a8ca-1705ca1d3125","9f3eaaac-df16-4c07-911a-41ce8fc19755",2018-09-16T07:17:49Z,2018-09-25T14:57:27Z,,"/Llyda-Vastgoed/Detail/Residentie-COPLAND---Atelier%2FCommerci%C3%ABle-Ruimte",235000,"Ternatsestraat 103-105","1790","Essene (Affligem)",,,"image://v1/50f021_f57961a300034d1d9319cae08ac239f1~mv2.jpg/350_200/atelier1%5B1%5D.jpg"
"SVENDSEN - 20 autostaanplaatsen","<p class=""p3"">- 8 appartementen<br />
- 5 woningen<br />
- 20 autostaanplaatsen<br />
<br />
BOUWVERGUNNING NOG NIET AANGEVRAAGD<br />
Norm: Afh. datum indiening bouwvergunning<br />
<br />
Verdere informatie volgt</p>","c2f332a5-e022-44eb-8f50-1655b5ada674","a18c6612-e1f9-413e-bad2-cec3d3cf94df","37945a36-d545-4bb8-8778-ec710b6dc6d6",2018-09-14T12:07:08Z,2018-09-25T14:57:27Z,,"/Llyda-Vastgoed/Detail/SVENDSEN---20-autostaanplaatsen",0,"Oosterzelesteenweg 75","9230","Wetteren","Nieuwbouwproject",,"image://v1/50f021_2ac9c1fa43d24982b195feff2b86348d~mv2.jpg/377_267/Svendsen01%5B1%5D.jpg"
"SVENDSEN - 5 woningen","<p class=""p3"">- 8 appartementen<br />
- 5 woningen<br />
- 20 autostaanplaatsen<br />
<br />
BOUWVERGUNNING NOG NIET AANGEVRAAGD<br />
Norm: Afh. datum indiening bouwvergunning<br />
<br />
Verdere informatie volgt</p>","4dc13dd9-738b-46ab-9cee-a4a1c9c3f7f8","a18c6612-e1f9-413e-bad2-cec3d3cf94df","267e256d-6ca6-4c77-ae52-0e00a4f55c68",2018-09-14T12:07:05Z,2018-09-25T14:57:27Z,,"/Llyda-Vastgoed/Detail/SVENDSEN---5-woningen",0,"Oosterzelesteenweg 75","9230","Wetteren","Nieuwbouwproject",,"image://v1/50f021_2ac9c1fa43d24982b195feff2b86348d~mv2.jpg/377_267/Svendsen01%5B1%5D.jpg"
"SVENDSEN - 8 appartementen","<p class=""p3"">- 8 appartementen<br />
- 5 woningen<br />
- 20 autostaanplaatsen<br />
<br />
BOUWVERGUNNING NOG NIET AANGEVRAAGD<br />
Norm: Afh. datum indiening bouwvergunning<br />
<br />
Verdere informatie volgt</p>","437b330f-2cec-44ec-bb87-c839570d871e","a18c6612-e1f9-413e-bad2-cec3d3cf94df","49d2bdbd-3a9c-4251-9781-f346f6e616eb",2018-09-14T12:05:52Z,2018-09-25T14:57:27Z,,"/Llyda-Vastgoed/Detail/SVENDSEN---8-appartementen",0,"Oosterzelesteenweg 75","9230","Wetteren","Nieuwbouwproject",,"image://v1/50f021_2ac9c1fa43d24982b195feff2b86348d~mv2.jpg/377_267/Svendsen01%5B1%5D.jpg"
"Staanplaatsen Merchtem","<p class=""p3"">- CP5 tot en met CP13: Niet-overdekte staanplaatsen (zie plan)<br />
<br />
4.950 euro excl.BTW/staanplaats<br />
<br />
E-peil/K-peil: niet van toepassing</p>","c2f332a5-e022-44eb-8f50-1655b5ada674","609b32bd-87df-4192-a8ca-1705ca1d3125","d84515bb-8cb2-4f18-9581-c8405e765201",2018-09-14T11:55:02Z,2018-09-25T14:57:28Z,,"/Llyda-Vastgoed/Detail/Staanplaatsen-Merchtem",4950,"Kouter 7A en nr 9","1785","Merchtem",,,"image://v1/50f021_b2ed778c23aa4d489467c143d94341cf~mv2.jpg/350_200/aanduidingstaanplaatsen%5B1%5D.jpg"
"Residentie COPLAND - Overdekte staanplaats P3","<p class=""p3"">- P3: Overdekte staanplaats (zie plan)<br />
14.045 euro excl.BTW<br />
<br />
E-peil/K-peil: niet van toepassing</p>","c2f332a5-e022-44eb-8f50-1655b5ada674","609b32bd-87df-4192-a8ca-1705ca1d3125","ac0bb09e-13cc-4d3d-a547-b5990cdf7ca1",2018-09-14T11:53:39Z,2018-09-25T14:57:27Z,,"/Llyda-Vastgoed/Detail/Residentie-COPLAND---Overdekte-staanplaats-P3",14045,"Ternatsestraat 103-105","1790","Essene (Affligem)",,,"image://v1/50f021_22facba77fcf434d9a43b8194bf4ebdb~mv2.jpg/350_200/Achtergevel%5B1%5D.jpg"
"Woonerf Llyda VII","<p class=""p3"">- 9 Villa&#39;s (3 slaapkamers &amp; 2 badkamers)<br />
- Garage &amp; tuin<br />
- Autoluw &amp; kindvriendelijk woonerf<br />
- Extra parkeermogelijkheden voor de woningen<br />
<br />
BOUWVERGUNNING GOEDGEKEURD<br />
<br />
Norm: E54 - K40<br />
<br />
Architectenbureau: www.pauldevriendt.com<br />
<br />
Prijslijst volgt</p>","4dc13dd9-738b-46ab-9cee-a4a1c9c3f7f8","609b32bd-87df-4192-a8ca-1705ca1d3125","ba1b6c5c-c3d7-4943-9c56-2c5452eae545",2018-09-14T11:31:04Z,2018-09-25T14:57:28Z,,"/Llyda-Vastgoed/Detail/Woonerf-Llyda-VII",0,"Potaardeberg 62-64","9820","Merelbeke",,,"image://v1/50f021_6375674da3a44e6ca0eb6a6c4b173dd4~mv2.jpg/350_200/LlydaMerelbeke01%5B1%5D.jpg"
"HAMILTON","<p class=""p3"">- 11 appartementen (1 tot 3 slaapkamers)<br />
- 11 Staanplaatsen<br />
<br />
BOUWVERGUNNING GOEDGEKEURD<br />
<br />
Norm: E54 - K40<br />
<br />
Architectenbureau: www.p2architecten.com<br />
<br />
Verdere informatie volgt</p>","437b330f-2cec-44ec-bb87-c839570d871e","609b32bd-87df-4192-a8ca-1705ca1d3125","17b8c812-67d7-4744-85b5-d2b953244b86",2018-09-14T11:20:34Z,2018-09-25T14:57:27Z,,"/Llyda-Vastgoed/Detail/HAMILTON",0,"Op de hoek van Sint-Mauritsplein en Blauwstraat","9551","Ressegem","Nieuwbouwproject",,"image://v1/50f021_414989c8be914f8793ad499d35fb06a6~mv2.jpg/350_200/foto1%5B1%5D.jpg"
"SPONTINI","<p class=""p3"">- 3 appartementen met terras (2 slaapkamers)<br />
- Overdekte staanplaatsen en bergingen (gelijkvloers)<br />
- Prachtig duplexappartement: dubbel terras met leefruimte op bovenste verdieping<br />
<br />
BOUWVERGUNNING GOEDGEKEURD<br />
<br />
Norm: E50 - K40<br />
<br />
Architectenbureau: www.pauldevriendt.com</p>","437b330f-2cec-44ec-bb87-c839570d871e","609b32bd-87df-4192-a8ca-1705ca1d3125","a9380528-772c-403d-bcbe-762d9e7945c1",2018-09-13T16:08:03Z,2018-09-25T14:57:27Z,,"/Llyda-Vastgoed/Detail/SPONTINI",0,"Brusselsesteenweg 13","1785","Merchtem","Nieuwbouwproject",,"image://v1/50f021_8431d59508954c8290b03cb3aa0a0659~mv2.jpg/350_200/Interieur%5B1%5D.jpg"
"THE GREEN","<p class=""p3"">- 11 appartementen (2 slaapkamers)<br />
- Terras en/of tuin<br />
- 11 garageboxen<br />
- 7 extra niet-overdekte staanplaatsen<br />
- Lift aanwezig<br />
<br />
BOUWVERGUNNING GOEDGEKEURD<br />
<br />
Norm: E54 - K40<br />
<br />
Architectenbureau: www.p2architecten.com</p>","437b330f-2cec-44ec-bb87-c839570d871e","609b32bd-87df-4192-a8ca-1705ca1d3125","adae6068-ae7c-47d9-a84b-f3777c988d15",2018-09-13T15:24:04Z,2018-09-25T14:57:27Z,,"/Llyda-Vastgoed/Detail/THE-GREEN",0,"Stationsstraat 84-86","9550","Herzele","Nieuwbouwproject",,"image://v1/50f021_055b413c70624eaf8914c107414074f4~mv2.jpg/350_200/Voorgevel%5B1%5D.jpg"
"ALBAN BERG","<p class=""p3"">- 15 Appartementen (1 of 2 Slaapkamers, Studio)<br />
- 3 penthouses !!! (1 of 2 slaapkamers)<br />
- Gelijkvloersappartement met ruime tuin<br />
- 15 Ondergrondse parkeerplaatsen + berging<br />
<br />
BOUWVERGUNNING GOEDGEKEURD<br />
<br />
Norm: E50 - K40 met hernieuwbare energie<br />
<br />
Architectenbureau: Jan Gorteman (Affligem)<br />
<br />
Verdere informatie volgt</p>","437b330f-2cec-44ec-bb87-c839570d871e","609b32bd-87df-4192-a8ca-1705ca1d3125","638d013d-8dfe-4f7d-ab34-19fcbc617967",2018-09-13T15:14:51Z,2018-09-25T14:57:27Z,,"/Llyda-Vastgoed/Detail/ALBAN-BERG",0,"Mieregemstraat 46-52","1785","Merchtem","Nieuwbouwproject",,"image://v1/50f021_eb975d2f0f8c42e2bb76ee613d377f13~mv2.jpg/350_200/albanberg1%5B1%5D.jpg"
